nominal_coverage,empirical_coverage_id_test,empirical_coverage_ood,median_band_width_norm_id_test,median_band_width_norm_ood,band_width_inflation_ratio,rmse_norm_id_test,rmse_norm_ood,relative_l2_norm_id_test,relative_l2_norm_ood,spearman_bandwidth_error_ood,case_q90_empirical_coverage_ood,case_max_empirical_coverage_ood
0.5,0.49778789891918135,0.6883098981640813,0.11198179423809052,0.41029711067676544,3.6639626420381397,0.2074510908871889,0.8677580591042836,0.20683859005570412,0.45836715281009677,0.1226561180496911,0.82,0.7466666666666667
0.8,0.8058103584842987,0.8940865412972732,0.23823727667331696,0.8728924989700317,3.663962714646819,0.2074510908871889,0.8677580591042836,0.20683859005570412,0.45836715281009677,0.1226561180496911,0.9066666666666666,0.8666666666666667
0.9,0.9078142167258605,0.9481940857719501,0.3467126041650772,1.27034193277359,3.6639623639663053,0.2074510908871889,0.8677580591042836,0.20683859005570412,0.45836715281009677,0.1226561180496911,0.9266666666666666,0.9266666666666666
0.95,0.9573098985614635,0.9725195606514832,0.4805312901735306,1.7606486678123474,3.6639625843647723,0.2074510908871889,0.8677580591042836,0.20683859005570412,0.45836715281009677,0.1226561180496911,0.96,0.9733333333333334
