nominal_coverage,empirical_coverage_id_calibration,empirical_coverage_id_test,median_band_width_norm_id_test,median_naive_band_width_norm_id_test,sharpness_ratio_vs_naive,case_q90_empirical_coverage_id_calibration,case_q90_empirical_coverage_id_test,case_max_empirical_coverage_id_test,qhat,qhat_naive,qhat_case_q90,qhat_case_max
0.5,0.5000633874239351,0.39200870646766167,1.1353262662887573,0.9048900008201599,1.2546566602125542,1.0,0.0,0.0,0.8764865398406982,0.45244497060775757,0.8763721585273743,0.9960529208183289
0.8,0.8000760649087221,0.4277363184079602,1.2323020696640015,1.6152695417404175,0.7629080087378005,0.0,0.0,0.0,0.9513530135154724,0.8076348304748535,0.9513519406318665,0.9960529208183289
0.9,0.9000697261663286,0.43097014925373134,1.2352505922317505,2.0186710357666016,0.6119127734760692,0.0,0.0,0.0,0.9536293148994446,1.0093353986740112,0.953627347946167,0.9960529208183289
0.95,0.9500824036511156,0.43491915422885574,1.2362202405929565,3.675107002258301,0.3363766659945729,0.0,0.0,0.0,0.9543779492378235,1.837553858757019,0.9543774127960205,0.9960529208183289
