{
  "gate_id_served_at_coverage90": 1.0,
  "gate_ood_routed_at_threshold": 0.3333333333333333,
  "gate_threshold_tau": 1.2352505922317505,
  "id_coverage_90": 0.43097014925373134,
  "id_sharpness_ratio_90": 0.6119127734760692,
  "ood_band_width_inflation_ratio_90": 0.9921149643125051,
  "ood_coverage_90": 0.34019375719529943,
  "ood_spearman_bandwidth_error": 0.028571428571428574
}
