nominal_coverage,empirical_coverage_id_test,empirical_coverage_ood,median_band_width_norm_id_test,median_band_width_norm_ood,band_width_inflation_ratio,rmse_norm_id_test,rmse_norm_ood,relative_l2_norm_id_test,relative_l2_norm_ood,spearman_bandwidth_error_ood,case_q90_empirical_coverage_ood,case_max_empirical_coverage_ood
0.5,0.39200870646766167,0.2303527597367335,1.1353262662887573,1.1263741850852966,0.9921149704104671,0.6235421299934387,3.202867249647776,0.9639995098114014,1.00417826573054,0.028571428571428574,0.0,0.0
0.8,0.4277363184079602,0.3213610791320025,1.2323020696640015,1.2225852608680725,0.9921149131896059,0.6235421299934387,3.202867249647776,0.9639995098114014,1.00417826573054,0.028571428571428574,0.0,0.0
0.9,0.43097014925373134,0.34019375719529943,1.2352505922317505,1.225510597229004,0.9921149643125051,0.6235421299934387,3.202867249647776,0.9639995098114014,1.00417826573054,0.028571428571428574,0.0,0.0
0.95,0.43491915422885574,0.3498598953016052,1.2362202405929565,1.226472556591034,0.9921149292967028,0.6235421299934387,3.202867249647776,0.9639995098114014,1.00417826573054,0.028571428571428574,0.0,0.0
