acceptance_fraction,threshold_tau,accepted_cases,empirical_coverage_90,id_served_fraction,ood_served_fraction,ood_routed_fraction
0.0,,0,,0.0,0.0,1.0
0.14285714285714285,1.2148405313491821,1,0.1339148773006135,0.0,0.16666666666666666,0.8333333333333334
0.2857142857142857,1.2229582071304321,2,0.2787058674919472,0.0,0.3333333333333333,0.6666666666666667
0.42857142857142855,1.2246569395065308,3,0.3232502840789529,0.0,0.5,0.5
0.5714285714285714,1.226364254951477,4,0.3588291593555591,0.0,0.6666666666666666,0.33333333333333337
0.7142857142857143,1.2352505922317505,5,0.3735559223054462,1.0,0.6666666666666666,0.33333333333333337
0.8571428571428571,1.2605819702148438,6,0.33566609015010784,1.0,0.8333333333333334,0.16666666666666663
1.0,1.2844123840332031,7,0.35369010854892097,1.0,1.0,0.0
