member,epoch,train_masked_mse,epoch_sec
0,1,1.005861759185791,1.24
0,2,1.0043823719024658,0.011
0,3,1.0030795335769653,0.009
1,1,1.0362684726715088,0.009
1,2,1.034275770187378,0.008
1,3,1.032362461090088,0.007
